<entityStoreData xmlns="http://www.vordel.com/2005/06/24/entityStore">
<metaInfo flags="138">
	<exportRoots>
		<key type='NetService'>
			<id field='name' value='Service'/>
			<key type='HTTP'>
				<id field='name' value='API Portal'/>
				<key type='XMLFirewall'>
					<id field='uriprefix' value='/vordel/apiportal/app-login/optimized.js'/>
					<id field='httpMethod' value='GET'/>
				</key>
			</key>
		</key>
		<key type='ESConfiguration'>
			<id field='name' value='Entity Store Configuration'/>
		</key>
		<key type='CircuitContainer'>
			<id field='name' value='API Manager Policies'/>
			<key type='FilterCircuit'>
				<id field='name' value='403'/>
			</key>
		</key>
	</exportRoots>
	<typeVersions>
		<type name="AttributeExtractHTTPHeaderFilter" version="0"/>
		<type name="CircuitContainer" version="3"/>
		<type name="CircuitReference" version="2"/>
		<type name="ESConfiguration" version="39"/>
		<type name="Entity" version="0"/>
		<type name="ExtractRESTAttributesFilter" version="2"/>
		<type name="Filter" version="5"/>
		<type name="FilterCircuit" version="4"/>
		<type name="HTTP" version="6"/>
		<type name="JavaProcess" version="0"/>
		<type name="LoadFileFilter" version="2"/>
		<type name="LoadableModule" version="2"/>
		<type name="NativeModule" version="0"/>
		<type name="NetService" version="5"/>
		<type name="PortableCircuitReference" version="0"/>
		<type name="Process" version="0"/>
		<type name="Reflector" version="0"/>
		<type name="RootChild" version="0"/>
		<type name="SetHTTPStatusCode" version="0"/>
		<type name="SocketProtocol" version="1"/>
		<type name="SoftCircuitReference" version="0"/>
		<type name="URIHandler" version="6"/>
		<type name="XMLFirewall" version="9"/>
	</typeVersions>
	<realizedTypes><![CDATA[
<entityStoreData>
<entityType xmlns="http://www.vordel.com/2005/06/24/entityStore" abstract="true" extends="Entity" name="RootChild"/>
<entityType xmlns="http://www.vordel.com/2005/06/24/entityStore" abstract="true" extends="RootChild" name="LoadableModule">
        <constant name="_version" type="integer" value="2"/>
        <constant name="loadorder" type="integer" value="1000000"/>
        <field cardinality="?" name="classloader" type="^ClassLoader"/>

        </entityType>
<entityType xmlns="http://www.vordel.com/2005/06/24/entityStore" abstract="true" extends="LoadableModule" name="NativeModule">
        <constant name="_version" type="integer" value="0"/>
                <constant name="class" type="string" value="com.vordel.dwe.NativeModule"/>
        </entityType>
<entityType xmlns="http://www.vordel.com/2005/06/24/entityStore" abstract="true" extends="NativeModule" name="SocketProtocol">
        <constant name="_version" type="integer" value="1"/>
        <componentType name="Interface"/>
    </entityType>
<entityType xmlns="http://www.vordel.com/2005/06/24/entityStore" extends="SocketProtocol" name="HTTP">
        <constant name="_version" type="integer" value="6"/>
        <constant name="class" type="string" value="com.vordel.dwe.http.HTTP"/>
        <componentType name="URIHandler"/>
        <componentType name="VirtualHost"/>
        <field cardinality="1" default="" isKey="true" name="name" type="string"/> <!--  ES needs name -->
        <field cardinality="?" default="-1" name="corsProfile" type="^CORS"/>
    </entityType>
<entityType xmlns="http://www.vordel.com/2005/06/24/entityStore" extends="RootChild" name="ESConfiguration">
        <constant name="_version" type="integer" value="39"/>
        <!--
            Give this singleton a key.
        -->
        <field isKey="true" name="name" type="string"/>
        <!--
            We use this field to verify that the passphrase for the
            encryped data is synchronized between the server and client, and
            between multiple invocations of the client
        -->
        <field name="passphraseTest" type="encrypted"/>
        <field name="version" type="string"/>
        <!-- The product key should never change for the lifetime of the product -->
        <field name="productKey" type="string"/>
        <field cardinality="?" name="gitrev" type="string"/>
        <!--
            This field contains the typerepo version used to create an EntityStore config.
        -->
        <field cardinality="1" name="typerepoVersion" type="string"/>
    </entityType>
<entityType xmlns="http://www.vordel.com/2005/06/24/entityStore" abstract="true" extends="RootChild" name="Process">
        <constant name="_version" type="integer" value="0"/> <!-- Common features to all processes created by Vordel software. -->
		<field isKey="true" name="name" type="string"/>
	</entityType>
<entityType xmlns="http://www.vordel.com/2005/06/24/entityStore" abstract="true" extends="Process" name="JavaProcess">
        <constant name="_version" type="integer" value="0"/>
    </entityType>
<entityType xmlns="http://www.vordel.com/2005/06/24/entityStore" extends="JavaProcess" name="NetService">
    <constant name="_version" type="integer" value="5"/>
    <!-- Static type-field. -->
    <constant name="executableImage" type="string" value="vshell"/>
    <componentType name="LoadableModule"/>
    <componentType name="ClassLoader"/>
  </entityType>
<entityType xmlns="http://www.vordel.com/2005/06/24/entityStore" extends="RootChild" name="CircuitContainer">
    <constant name="_version" type="integer" value="3"/>
    <componentType cardinality="*" name="FilterCircuit"/>
    <componentType cardinality="*" name="CircuitContainer"/>
    <componentType cardinality="*" name="MVProperty"/>
    <field isKey="true" name="name" type="string"/>
  </entityType>
<entityType xmlns="http://www.vordel.com/2005/06/24/entityStore" extends="RootChild" name="FilterCircuit">
        <constant name="_version" type="integer" value="4"/>
		<componentType cardinality="*" name="Filter"/>
		<componentType cardinality="1" name="BoundCircuit"/>
		<componentType cardinality="*" name="Property"/>
		<field cardinality="1" name="start" type="@Filter"/>
		<field cardinality="?" name="fault" type="@Filter"/>
		<field isKey="true" name="name" type="string"/>
		<field cardinality="1" default="3" name="logMask" type="integer"/>

		<field cardinality="?" name="description" type="string"/>		
		<field cardinality="1" name="category" type="@PolicyCategory">
            <defaultRef>
                <key type="PolicyCategoryGroup">
                  <id field="name" value="Policy Categories"/>
                  <key type="PolicyCategory">
                      <id field="name" value="miscellaneous"/>
                  </key>
                </key>
            </defaultRef>
        </field>
	</entityType>
<entityType xmlns="http://www.vordel.com/2005/06/24/entityStore" abstract="true" extends="Entity" name="URIHandler">
        <constant name="_version" type="integer" value="6"/>
        <constant name="class" type="string" value="com.vordel.dwe.http.URIHandler"/>
		<field cardinality="1" default="" isKey="true" name="uriprefix" type="string"/>
        <field cardinality="1" default="*" isKey="true" name="httpMethod" type="string"/>
    	<field cardinality="1" default="LONGEST" name="pathMatching" type="string"/> <!-- EXACT, LONGEST -->
        <field cardinality="?" default="-1" name="corsProfile" type="^CORS"/>
    	<field cardinality="1" default="HTTP" name="corsUsage" type="string"/> <!-- HTTP, URIHANDLER -->
        <field cardinality="1" default="true" name="trafficMonitoringEnabled" type="boolean"/>
	</entityType>
<entityType xmlns="http://www.vordel.com/2005/06/24/entityStore" extends="URIHandler" name="XMLFirewall">
    <constant name="_version" type="integer" value="9"/>
    <constant name="class" type="string" value="com.vordel.dwe.http.HTTPPlugin"/>
    <constant name="loadorder" type="integer" value="2000000"/>
    <componentType cardinality="*" name="CircuitReference"/>
    <componentType cardinality="*" name="URIHandler"/>
    <field default="1" name="evaluate" type="boolean"/>
    <field cardinality="1" name="filterCircuit" type="^FilterCircuit"/>
    <field cardinality="1" default="2" name="logMask" type="integer"/>
    <field cardinality="1" default="0" name="payloadMask" type="integer"/>
    <field cardinality="1" default="1" name="enabled" type="boolean"/>
    <field cardinality="1" default="0" name="enableAccessLogging" type="boolean"/>
  </entityType>
<entityType xmlns="http://www.vordel.com/2005/06/24/entityStore" extends="Entity" name="CircuitReference">
    <constant name="_version" type="integer" value="2"/>
    <componentType cardinality="*" name="Property"/>
    <field isKey="true" name="name" type="string"/>
    <field cardinality="1" name="priority" type="integer"/>
    <field cardinality="?" name="circuitPK" type="^FilterCircuit"/>
    <!-- The evaluation of the referenced circuit is conditional. By default evaluation is enabled. -->
    <field cardinality="1" default="true" name="evaluate" type="boolean"/>
  </entityType>
<entityType xmlns="http://www.vordel.com/2005/06/24/entityStore" extends="CircuitReference" name="SoftCircuitReference">
    <constant name="_version" type="integer" value="0"/>
    <!-- 
      Override the circuitPK reference, making it a string value which can be interpreted as a reference 
      at run time.
    -->
    <field cardinality="?" name="circuitPK" type="string"/>
  </entityType>
<entityType xmlns="http://www.vordel.com/2005/06/24/entityStore" extends="CircuitReference" name="PortableCircuitReference">
    <constant name="_version" type="integer" value="0"/>
    <field cardinality="?" name="circuitPK" type="^FilterCircuit"/>
  </entityType>
<entityType xmlns="http://www.vordel.com/2005/06/24/entityStore" abstract="true" extends="Entity" name="Filter">
        <constant name="_version" type="integer" value="5"/>
        <field cardinality="?" name="successNode" type="@Filter"/>
        <field cardinality="?" name="failureNode" type="@Filter"/>
        <field isKey="true" name="name" type="string"/>
        <field cardinality="1" default="2" name="logMask" type="integer"/>
        <field cardinality="1" default="Filter aborted due to exception" name="logFatal" type="string"/>
        <field cardinality="1" default="Filter failed" name="logFailure" type="string"/>
        <field cardinality="1" default="Filter passed" name="logSuccess" type="string"/>
        <field cardinality="1" name="category" type="@Category">
            <defaultRef>
                <key type="CategoryGroup">
                  <id field="name" value="Filter Categories"/>
                  <key type="Category">
                      <id field="name" value="miscellaneous"/>
                  </key>
                </key>
            </defaultRef>
        </field>
      <field cardinality="1" default="0" name="abortProcessingOnLogError" type="boolean"/>
      <field cardinality="1" default="SERVICE" name="logMaskType" type="string"/>
      <field cardinality="*" name="classloader" type="^ClassLoader"/>
    </entityType>
<entityType xmlns="http://www.vordel.com/2005/06/24/entityStore" extends="Filter" name="LoadFileFilter">
    <constant name="_version" type="integer" value="2"/>
    <constant name="class" type="string" value="com.vordel.circuit.file.LoadFileFilter"/>

    <field cardinality="1" name="fileIn" type="string"/>
    
    <field cardinality="1" default="RAWFILE" name="treatFileAs" type="string"/> <!-- RAWFILE, HTTPMESSAGE, EXTENSION, CONTENTTYPE -->
    <field name="inFileContentType" type="string"/>
    <field cardinality="1" name="filterCircuit" type="^FilterCircuit"/>
    <field cardinality="1" name="workDir" type="string"/>
    <field cardinality="1" name="outDir" type="string"/>
    
    <field cardinality="1" default="NOTHING" name="onComplete" type="string"/> <!-- NOTHING, DELETE, MOVE -->
    <field cardinality="?" name="completeDir" type="string"/>
    <field name="outPrefix" type="string"/>
    <field name="outSuffix" type="string"/>
   </entityType>
<entityType xmlns="http://www.vordel.com/2005/06/24/entityStore" extends="Filter" name="ExtractRESTAttributesFilter">
    <constant name="_version" type="integer" value="2"/>
    <constant name="class" type="string" value="com.vordel.circuit.attribute.ExtractRESTAttributesFilter"/>
    <field cardinality="1" default="1" name="useHeaders" type="boolean"/>
    <field cardinality="1" default="1" name="useQueryString" type="boolean"/>
    <field cardinality="1" default="params.query" name="queryAttributePrefix" type="string"/>
    <field cardinality="1" default="0" name="decode" type="boolean"/>
    <field cardinality="1" name="category" type="@Category">
      <defaultRef>
        <key type="CategoryGroup">
          <id field="name" value="Filter Categories"/>
          <key type="Category">
            <id field="name" value="attribute"/>
          </key>
        </key>
      </defaultRef>
    </field>
  </entityType>
<entityType xmlns="http://www.vordel.com/2005/06/24/entityStore" extends="Filter" name="AttributeExtractHTTPHeaderFilter">
        <constant name="_version" type="integer" value="0"/>
    <constant name="class" type="string" value="com.vordel.circuit.attribute.AttributeExtractHTTPHeaderFilter"/>
    <field cardinality="1" name="headerName" type="string"/>
    <field cardinality="1" name="attributeName" type="string"/>
    <field cardinality="1" default="0" name="base64Decode" type="boolean"/>
    <field cardinality="1" default="0" name="useQueryParameter" type="boolean"/>
    <!-- Override the category to give it a different default -->
    <field cardinality="1" name="category" type="@Category">
      <defaultRef>
        <key type="CategoryGroup">
          <id field="name" value="Filter Categories"/>
          <key type="Category">
            <id field="name" value="attribute"/>
          </key>
        </key>
      </defaultRef>
    </field>    
  </entityType>
<entityType xmlns="http://www.vordel.com/2005/06/24/entityStore" extends="Filter" name="SetHTTPStatusCode">
        <constant name="_version" type="integer" value="0"/>
		<constant name="class" type="string" value="com.vordel.circuit.net.SetHTTPStatusFilter"/>
        <field cardinality="1" default="200" name="httpResponseStatus" type="integer"/>
	</entityType>
<entityType xmlns="http://www.vordel.com/2005/06/24/entityStore" extends="SetHTTPStatusCode" name="Reflector">
        <constant name="_version" type="integer" value="0"/>
		<constant name="class" type="string" value="com.vordel.circuit.net.ReflectFilter"/>
	</entityType>
</entityStoreData>
	]]></realizedTypes>
</metaInfo>
<entity xmlns="http://www.vordel.com/2005/06/24/entityStore"  xmlns:xsi="http://www.w3.org/2001/XMLSchema-instance" type="XMLFirewall">
	<key type='NetService'>
		<id field='name' value='Service'/>
		<key type='HTTP'>
			<id field='name' value='API Portal'/>
		</key>
	</key>
	<fval name="corsProfile"><value contentType="reference">-1</value></fval>
	<fval name="corsUsage"><value>HTTP</value></fval>
	<fval name="enableAccessLogging"><value>0</value></fval>
	<fval name="enabled"><value>1</value></fval>
	<fval name="evaluate"><value>1</value></fval>
	<fval name="filterCircuit"><value contentType="reference">
<key type='CircuitContainer'><id field='name' value='API Manager Policies'/><key type='FilterCircuit'><id field='name' value='403'/></key></key>	</value></fval>
	<fval name="httpMethod"><value>GET</value></fval>
	<fval name="logMask"><value>2</value></fval>
	<fval name="pathMatching"><value>LONGEST</value></fval>
	<fval name="payloadMask"><value>0</value></fval>
	<fval name="trafficMonitoringEnabled"><value>1</value></fval>
	<fval name="uriprefix"><value>/vordel/apiportal/app-login/optimized.js</value></fval>
</entity>
<entity xmlns="http://www.vordel.com/2005/06/24/entityStore"  xmlns:xsi="http://www.w3.org/2001/XMLSchema-instance" type="PortableCircuitReference">
	<key type='NetService'>
		<id field='name' value='Service'/>
		<key type='HTTP'>
			<id field='name' value='API Portal'/>
			<key type='XMLFirewall'>
				<id field='uriprefix' value='/vordel/apiportal/app-login/optimized.js'/>
				<id field='httpMethod' value='GET'/>
			</key>
		</key>
	</key>
	<fval name="circuitPK"><value contentType="reference">-1</value></fval>
	<fval name="evaluate"><value>true</value></fval>
	<fval name="name"><value>CUSTOM_POLICY_REQ</value></fval>
	<fval name="priority"><value>1</value></fval>
</entity>
<entity xmlns="http://www.vordel.com/2005/06/24/entityStore"  xmlns:xsi="http://www.w3.org/2001/XMLSchema-instance" type="PortableCircuitReference">
	<key type='NetService'>
		<id field='name' value='Service'/>
		<key type='HTTP'>
			<id field='name' value='API Portal'/>
			<key type='XMLFirewall'>
				<id field='uriprefix' value='/vordel/apiportal/app-login/optimized.js'/>
				<id field='httpMethod' value='GET'/>
			</key>
		</key>
	</key>
	<fval name="circuitPK"><value contentType="reference">-1</value></fval>
	<fval name="evaluate"><value>true</value></fval>
	<fval name="name"><value>CUSTOM_POLICY_RSP</value></fval>
	<fval name="priority"><value>3</value></fval>
</entity>
<entity xmlns="http://www.vordel.com/2005/06/24/entityStore"  xmlns:xsi="http://www.w3.org/2001/XMLSchema-instance" type="SoftCircuitReference">
	<key type='NetService'>
		<id field='name' value='Service'/>
		<key type='HTTP'>
			<id field='name' value='API Portal'/>
			<key type='XMLFirewall'>
				<id field='uriprefix' value='/vordel/apiportal/app-login/optimized.js'/>
				<id field='httpMethod' value='GET'/>
			</key>
		</key>
	</key>
	<fval name="circuitPK"><value>system.policy.request</value></fval>
	<fval name="evaluate"><value>0</value></fval>
	<fval name="name"><value>GLOBAL_POLICY_REQ</value></fval>
	<fval name="priority"><value>0</value></fval>
</entity>
<entity xmlns="http://www.vordel.com/2005/06/24/entityStore"  xmlns:xsi="http://www.w3.org/2001/XMLSchema-instance" type="SoftCircuitReference">
	<key type='NetService'>
		<id field='name' value='Service'/>
		<key type='HTTP'>
			<id field='name' value='API Portal'/>
			<key type='XMLFirewall'>
				<id field='uriprefix' value='/vordel/apiportal/app-login/optimized.js'/>
				<id field='httpMethod' value='GET'/>
			</key>
		</key>
	</key>
	<fval name="circuitPK"><value>system.policy.response</value></fval>
	<fval name="evaluate"><value>0</value></fval>
	<fval name="name"><value>GLOBAL_POLICY_RSP</value></fval>
	<fval name="priority"><value>4</value></fval>
</entity>
<entity xmlns="http://www.vordel.com/2005/06/24/entityStore"  xmlns:xsi="http://www.w3.org/2001/XMLSchema-instance" type="HTTP">
	<key type='NetService'>
		<id field='name' value='Service'/>
	</key>
	<fval name="name"><value>API Portal</value></fval>
</entity>
<entity xmlns="http://www.vordel.com/2005/06/24/entityStore"  xmlns:xsi="http://www.w3.org/2001/XMLSchema-instance" type="NetService">
	<fval name="name"><value>Service</value></fval>
</entity>
<entity xmlns="http://www.vordel.com/2005/06/24/entityStore"  xmlns:xsi="http://www.w3.org/2001/XMLSchema-instance" type="ESConfiguration">
	<fval name="name"><value>Entity Store Configuration</value></fval>
	<fval name="passphraseTest"><value>aHR0cDsvL3d3dy52b3JkZWwuY29t</value></fval>
	<fval name="productKey"><value>VordelGateway</value></fval>
	<fval name="typerepoVersion"><value>1.38.19</value></fval>
	<fval name="version"><value>7.7.0</value></fval>
</entity>
<entity xmlns="http://www.vordel.com/2005/06/24/entityStore"  xmlns:xsi="http://www.w3.org/2001/XMLSchema-instance" type="FilterCircuit">
	<key type='CircuitContainer'>
		<id field='name' value='API Manager Policies'/>
	</key>
	<fval name="category"><value contentType="reference">
		<key type='PolicyCategoryGroup'>
			<id field='name' value='Policy Categories'/>
			<key type='PolicyCategory'>
				<id field='name' value='miscellaneous'/>
			</key>
		</key>
	</value></fval>
	<fval name="description"><value></value></fval>
	<fval name="logMask"><value>3</value></fval>
	<fval name="name"><value>403</value></fval>
	<fval name="start"><value contentType="reference">
		<key type='CircuitContainer'>
			<id field='name' value='API Manager Policies'/>
			<key type='FilterCircuit'>
				<id field='name' value='403'/>
				<key type='ExtractRESTAttributesFilter'>
					<id field='name' value='Extract REST Request Attributes'/>
				</key>
			</key>
		</key>
	</value></fval>
</entity>
<entity xmlns="http://www.vordel.com/2005/06/24/entityStore"  xmlns:xsi="http://www.w3.org/2001/XMLSchema-instance" type="Reflector">
	<key type='CircuitContainer'>
		<id field='name' value='API Manager Policies'/>
		<key type='FilterCircuit'>
			<id field='name' value='403'/>
		</key>
	</key>
	<fval name="abortProcessingOnLogError"><value>0</value></fval>
	<fval name="category"><value contentType="reference">
		<key type='CategoryGroup'>
			<id field='name' value='Filter Categories'/>
			<key type='Category'>
				<id field='name' value='miscellaneous'/>
			</key>
		</key>
	</value></fval>
	<fval name="httpResponseStatus"><value>403</value></fval>
	<fval name="logFailure"><value>Failed to echo back the message</value></fval>
	<fval name="logFatal"><value>Error occurred while echoing the message. Error: ${circuit.exception}</value></fval>
	<fval name="logMask"><value>2</value></fval>
	<fval name="logMaskType"><value>SERVICE</value></fval>
	<fval name="logSuccess"><value>Successfully echoed back the message</value></fval>
	<fval name="name"><value>Reflect 403</value></fval>
</entity>
<entity xmlns="http://www.vordel.com/2005/06/24/entityStore"  xmlns:xsi="http://www.w3.org/2001/XMLSchema-instance" type="ExtractRESTAttributesFilter">
	<key type='CircuitContainer'>
		<id field='name' value='API Manager Policies'/>
		<key type='FilterCircuit'>
			<id field='name' value='403'/>
		</key>
	</key>
	<fval name="abortProcessingOnLogError"><value>0</value></fval>
	<fval name="category"><value contentType="reference">
		<key type='CategoryGroup'>
			<id field='name' value='Filter Categories'/>
			<key type='Category'>
				<id field='name' value='attribute'/>
			</key>
		</key>
	</value></fval>
	<fval name="decode"><value>0</value></fval>
	<fval name="logFailure"><value>Filter failed</value></fval>
	<fval name="logFatal"><value>Filter aborted due to exception</value></fval>
	<fval name="logMask"><value>2</value></fval>
	<fval name="logMaskType"><value>SERVICE</value></fval>
	<fval name="logSuccess"><value>Filter passed</value></fval>
	<fval name="name"><value>Extract REST Request Attributes</value></fval>
	<fval name="queryAttributePrefix"><value>params.query</value></fval>
	<fval name="successNode"><value contentType="reference">
		<key type='CircuitContainer'>
			<id field='name' value='API Manager Policies'/>
			<key type='FilterCircuit'>
				<id field='name' value='403'/>
				<key type='AttributeExtractHTTPHeaderFilter'>
					<id field='name' value='Retrieve from HTTP header'/>
				</key>
			</key>
		</key>
	</value></fval>
	<fval name="useHeaders"><value>1</value></fval>
	<fval name="useQueryString"><value>0</value></fval>
</entity>
<entity xmlns="http://www.vordel.com/2005/06/24/entityStore"  xmlns:xsi="http://www.w3.org/2001/XMLSchema-instance" type="AttributeExtractHTTPHeaderFilter">
	<key type='CircuitContainer'>
		<id field='name' value='API Manager Policies'/>
		<key type='FilterCircuit'>
			<id field='name' value='403'/>
		</key>
	</key>
	<fval name="abortProcessingOnLogError"><value>0</value></fval>
	<fval name="attributeName"><value>referer</value></fval>
	<fval name="base64Decode"><value>0</value></fval>
	<fval name="category"><value contentType="reference">
		<key type='CategoryGroup'>
			<id field='name' value='Filter Categories'/>
			<key type='Category'>
				<id field='name' value='attribute'/>
			</key>
		</key>
	</value></fval>
	<fval name="failureNode"><value contentType="reference">
		<key type='CircuitContainer'>
			<id field='name' value='API Manager Policies'/>
			<key type='FilterCircuit'>
				<id field='name' value='403'/>
				<key type='Reflector'>
					<id field='name' value='Reflect 403'/>
				</key>
			</key>
		</key>
	</value></fval>
	<fval name="headerName"><value>Referer</value></fval>
	<fval name="logFailure"><value>Failed to extract attribute HTTP header</value></fval>
	<fval name="logFatal"><value>Error occurred while extracting attributes from HTTP header. Error: ${circuit.exception}</value></fval>
	<fval name="logMask"><value>2</value></fval>
	<fval name="logMaskType"><value>SERVICE</value></fval>
	<fval name="logSuccess"><value>Extracted attribute from HTTP header</value></fval>
	<fval name="name"><value>Retrieve from HTTP header</value></fval>
	<fval name="successNode"><value contentType="reference">
		<key type='CircuitContainer'>
			<id field='name' value='API Manager Policies'/>
			<key type='FilterCircuit'>
				<id field='name' value='403'/>
				<key type='LoadFileFilter'>
					<id field='name' value='Load API Manager Login Page'/>
				</key>
			</key>
		</key>
	</value></fval>
	<fval name="useQueryParameter"><value>0</value></fval>
</entity>
<entity xmlns="http://www.vordel.com/2005/06/24/entityStore"  xmlns:xsi="http://www.w3.org/2001/XMLSchema-instance" type="LoadFileFilter">
	<key type='CircuitContainer'>
		<id field='name' value='API Manager Policies'/>
		<key type='FilterCircuit'>
			<id field='name' value='403'/>
		</key>
	</key>
	<fval name="abortProcessingOnLogError"><value>0</value></fval>
	<fval name="category"><value contentType="reference">
		<key type='CategoryGroup'>
			<id field='name' value='Filter Categories'/>
			<key type='Category'>
				<id field='name' value='miscellaneous'/>
			</key>
		</key>
	</value></fval>
	<fval name="completeDir"><value></value></fval>
	<fval name="failureNode"><value contentType="reference">-1</value></fval>
	<fval name="fileIn"><value>${environment.VDISTDIR}/webapps/apiportal/vordel/apiportal/app-login/optimized.js</value></fval>
	<fval name="filterCircuit"><value contentType="reference">-1</value></fval>
	<fval name="inFileContentType"><value>text/html</value></fval>
	<fval name="logFailure"><value>Filter failed</value></fval>
	<fval name="logFatal"><value>Filter aborted due to exception</value></fval>
	<fval name="logMask"><value>2</value></fval>
	<fval name="logMaskType"><value>SERVICE</value></fval>
	<fval name="logSuccess"><value>Filter passed</value></fval>
	<fval name="name"><value>Load API Manager Login Page</value></fval>
	<fval name="onComplete"><value>NOTHING</value></fval>
	<fval name="outDir"><value></value></fval>
	<fval name="outPrefix"><value></value></fval>
	<fval name="outSuffix"><value></value></fval>
	<fval name="successNode"><value contentType="reference">
		<key type='CircuitContainer'>
			<id field='name' value='API Manager Policies'/>
			<key type='FilterCircuit'>
				<id field='name' value='403'/>
				<key type='Reflector'>
					<id field='name' value='Reflect 200'/>
				</key>
			</key>
		</key>
	</value></fval>
	<fval name="treatFileAs"><value>FROM_EXTENSION</value></fval>
	<fval name="workDir"><value></value></fval>
</entity>
<entity xmlns="http://www.vordel.com/2005/06/24/entityStore"  xmlns:xsi="http://www.w3.org/2001/XMLSchema-instance" type="Reflector">
	<key type='CircuitContainer'>
		<id field='name' value='API Manager Policies'/>
		<key type='FilterCircuit'>
			<id field='name' value='403'/>
		</key>
	</key>
	<fval name="abortProcessingOnLogError"><value>0</value></fval>
	<fval name="category"><value contentType="reference">
		<key type='CategoryGroup'>
			<id field='name' value='Filter Categories'/>
			<key type='Category'>
				<id field='name' value='miscellaneous'/>
			</key>
		</key>
	</value></fval>
	<fval name="httpResponseStatus"><value>200</value></fval>
	<fval name="logFailure"><value>Failed to echo back the message</value></fval>
	<fval name="logFatal"><value>Error occurred while echoing the message. Error: ${circuit.exception}</value></fval>
	<fval name="logMask"><value>2</value></fval>
	<fval name="logMaskType"><value>SERVICE</value></fval>
	<fval name="logSuccess"><value>Successfully echoed back the message</value></fval>
	<fval name="name"><value>Reflect 200</value></fval>
</entity>
<entity xmlns="http://www.vordel.com/2005/06/24/entityStore"  xmlns:xsi="http://www.w3.org/2001/XMLSchema-instance" type="CircuitContainer">
	<fval name="name"><value>API Manager Policies</value></fval>
</entity>
</entityStoreData>